{
  "description": "项目配置文件",
  "packOptions": {
    "ignore": [],
    "include": []
  },
  "miniprogramRoot": "",
  "compileType": "miniprogram",
  "projectname": "服装小程序",
  "setting": {
    "useCompilerPlugins": [],
    "babelSetting": {
      "ignore": [],
      "disablePlugins": [],
      "outputPath": ""
    },
    "es6": true,
    "enhance": true,
    "postcss": true,
    "minified": true
  },
  "condition": {},
  "appid": "wx76c90c738c8231a0",
  "libVersion": "2.32.0",
  "srcMiniprogramRoot": "",
  "editorSetting": {
    "tabIndent": "insertSpaces",
    "tabSize": 2
  }
}